<?xml version="1.0" encoding="UTF-8"?>
<project-private xmlns="http://www.netbeans.org/ns/project-private/1">
    <editor-bookmarks xmlns="http://www.netbeans.org/ns/editor-bookmarks/2" lastBookmarkId="0"/>
    <open-files xmlns="http://www.netbeans.org/ns/projectui-open-files/2">
        <group>
            <file>file:/var/www/html/m4agriAPI/protected/controllers/SiteController.php</file>
            <file>file:/var/www/html/m4agriAPI/protected/controllers/Api1Controller.php</file>
            <file>file:/var/www/html/m4agriAPI/protected/controllers/ApiController.php</file>
            <file>file:/var/www/html/m4agriAPI/protected/models/Tblapiusers.php</file>
            <file>file:/var/www/html/m4agriAPI/protected/models/Tbluser.php</file>
            <file>file:/var/www/html/m4agriAPI/protected/models/Tblbestpractices.php</file>
        </group>
    </open-files>
</project-private>
